{
    "0" : {"r": 255, "g": 69, "b": 0},
    "1" : {"r": 255, "g": 168, "b": 0},
    "2" : {"r": 255, "g": 214, "b": 53},
    "3" : {"r": 0, "g": 163, "b": 104},
    "4" : {"r": 126, "g": 237, "b": 86},
    "5" : {"r": 36, "g": 80, "b": 164},
    "6" : {"r": 54, "g": 144, "b": 234},
    "7" : {"r": 81, "g": 233, "b": 244},
    "8" : {"r": 129, "g": 30, "b": 159},
    "9" : {"r": 180, "g": 74, "b": 192},
    "10" : {"r": 255, "g": 153, "b": 170},
    "11" : {"r": 156, "g": 105, "b": 38},
    "12" : {"r": 0, "g": 0, "b": 0},
    "13" : {"r": 137, "g": 141, "b": 144},
    "14" : {"r": 212, "g": 215, "b": 217},
    "15" : {"r": 255, "g": 255, "b": 255}
}